Released_Year,Runtime,Genre,IMDB_Rating,Director,Star1,Star2,Star3,Star4,No_of_Votes,Gross,movie_name
1994,142,124.0,9.3,124.0,510.0,481.0,73.0,766.0,2343110,28341469,The Shawshank Redemption
1972,175,110.0,9.2,120.0,358.0,6.0,280.0,167.0,1620367,134966411,The Godfather
2008,152,20.0,9.0,72.0,109.0,236.0,1.0,523.0,2303232,534858444,The Dark Knight
1974,202,110.0,9.0,120.0,9.0,550.0,584.0,167.0,1129952,57300000,The Godfather: Part II
1957,96,110.0,9.0,394.0,219.0,393.0,449.0,354.0,689845,4360000,12 Angry Men
2003,201,2.0,8.9,335.0,158.0,668.0,264.0,575.0,1642758,377845905,The Lord of the Rings: The Return of the King
1994,154,110.0,8.9,341.0,285.0,665.0,622.0,97.0,1826188,107928762,Pulp Fiction
1993,195,80.0,8.9,408.0,334.0,536.0,58.0,112.0,1213505,96898818,Schindler's List
2010,148,9.0,8.8,72.0,330.0,344.0,187.0,419.0,2067042,292576195,Inception
1999,139,124.0,8.8,86.0,66.0,157.0,464.0,777.0,1854740,37030102,Fight Club
2001,178,2.0,8.8,335.0,158.0,251.0,526.0,673.0,1661481,315544750,The Lord of the Rings: The Fellowship of the Ring
1994,142,155.0,8.8,367.0,516.0,559.0,219.0,657.0,1809221,330252182,Forrest Gump
1966,161,181.0,8.8,389.0,115.0,162.0,409.0,16.0,688390,6100000,"Il buono, il brutto, il cattivo"
2002,179,2.0,8.7,335.0,158.0,251.0,710.0,575.0,1485555,342551365,The Lord of the Rings: The Two Towers
1999,136,31.0,8.7,250.0,336.0,368.0,404.0,113.0,1676426,171479930,The Matrix
1990,146,77.0,8.7,275.0,441.0,541.0,326.0,462.0,1020727,46836394,Goodfellas
1980,124,4.0,8.7,165.0,355.0,233.0,92.0,78.0,1159315,290475067,Star Wars: Episode V - The Empire Strikes Back
1975,133,124.0,8.7,300.0,239.0,410.0,471.0,593.0,918088,112000000,One Flew Over the Cuckoo's Nest
2019,132,97.0,8.6,47.0,301.0,395.0,110.0,127.0,552778,53367844,Gisaengchung
2014,169,47.0,8.6,72.0,367.0,36.0,313.0,474.0,1512360,188020017,Interstellar
2002,130,110.0,8.6,118.0,319.0,17.0,407.0,507.0,699256,7563397,Cidade de Deus
2001,125,63.0,8.6,158.0,132.0,625.0,488.0,649.0,651376,10055859,Sen to Chihiro no kamikakushi
1998,169,165.0,8.6,408.0,516.0,444.0,690.0,190.0,1235804,216540909,Saving Private Ryan
1999,189,111.0,8.6,124.0,516.0,459.0,154.0,84.0,1147794,136801374,The Green Mile
1997,116,96.0,8.6,368.0,444.0,493.0,231.0,248.0,623629,57598247,La vita è bella
1995,127,116.0,8.6,86.0,388.0,69.0,390.0,34.0,1445096,100125643,Se7en
1991,118,119.0,8.6,221.0,273.0,41.0,405.0,402.0,1270197,130742922,The Silence of the Lambs
1977,121,4.0,8.6,139.0,355.0,233.0,92.0,17.0,1231473,322740140,Star Wars
1954,207,2.0,8.6,5.0,522.0,630.0,384.0,773.0,315744,269061,Shichinin no samurai
2019,122,119.0,8.5,432.0,272.0,550.0,734.0,224.0,939252,335451311,Joker
2014,106,146.0,8.5,78.0,385.0,260.0,467.0,587.0,717585,13092000,Whiplash
2011,112,76.0,8.5,320.0,555.0,200.0,524.0,42.0,760360,13182281,The Intouchables
2006,130,152.0,8.5,72.0,109.0,250.0,628.0,523.0,1190259,53089891,The Prestige
2006,151,119.0,8.5,275.0,330.0,444.0,275.0,495.0,1189773,132384315,The Departed
2002,150,81.0,8.5,372.0,6.0,643.0,209.0,207.0,729603,32572577,The Pianist
2000,155,2.0,8.5,355.0,457.0,320.0,129.0,573.0,1341460,187705427,Gladiator
1998,119,124.0,8.5,440.0,155.0,156.0,62.0,335.0,1034705,6719864,American History X
1995,106,122.0,8.5,55.0,313.0,203.0,102.0,695.0,991208,23341568,The Usual Suspects
1994,110,20.0,8.5,258.0,261.0,207.0,501.0,153.0,1035236,19501238,Léon
1994,88,62.0,8.5,369.0,439.0,446.0,310.0,306.0,942045,422783777,The Lion King
1991,137,31.0,8.5,173.0,36.0,406.0,178.0,634.0,995506,204843350,Terminator 2: Judgment Day
1988,155,155.0,8.5,146.0,419.0,174.0,42.0,288.0,230763,11990401,Nuovo Cinema Paradiso
1985,116,40.0,8.5,367.0,377.0,111.0,406.0,144.0,1058081,210609762,Back to the Future
1968,165,181.0,8.5,389.0,219.0,92.0,126.0,320.0,302844,5321508,Once Upon a Time in the West
1960,109,174.0,8.5,17.0,33.0,283.0,704.0,355.0,604211,32000000,Psycho
1942,102,158.0,8.5,288.0,229.0,253.0,537.0,137.0,522093,1024560,Casablanca
1936,87,92.0,8.5,64.0,93.0,522.0,253.0,725.0,217881,163245,Modern Times
1931,87,96.0,8.5,64.0,93.0,673.0,202.0,263.0,167839,19181,City Lights
2018,126,124.0,8.4,302.0,552.0,696.0,75.0,411.0,62635,1661096,Capharnaüm
2016,106,72.0,8.4,264.0,461.0,478.0,610.0,48.0,194838,5017246,Kimi no na wa.
2016,161,14.0,8.4,313.0,0.0,579.0,197.0,664.0,156479,12391761,Dangal
2018,117,57.0,8.4,46.0,414.0,562.0,639.0,302.0,375110,190241310,Spider-Man: Into the Spider-Verse
2019,181,2.0,8.4,30.0,275.0,551.0,113.0,492.0,809955,858373000,Avengers: Endgame
2018,149,9.0,8.4,30.0,275.0,551.0,114.0,492.0,834477,678815482,Avengers: Infinity War
2017,105,63.0,8.4,254.0,5.0,40.0,216.0,69.0,384171,209726015,Coco
2012,165,167.0,8.4,341.0,247.0,109.0,411.0,420.0,1357682,162805434,Django Unchained
2012,164,0.0,8.4,72.0,109.0,653.0,34.0,233.0,1516346,448139099,The Dark Knight Rises
2009,170,91.0,8.4,342.0,0.0,417.0,492.0,678.0,344445,6532908,3 Idiots
2007,165,125.0,8.4,0.0,19.0,124.0,0.0,726.0,168895,1223869,Taare Zameen Par
2008,98,63.0,8.4,24.0,48.0,163.0,303.0,229.0,999790,223808164,WALL·E
2006,137,153.0,8.4,119.0,525.0,436.0,636.0,740.0,358685,11286112,The Lives of Others
2003,101,25.0,8.4,63.0,101.0,695.0,373.0,425.0,515451,707481,Oldeuboi
2000,113,179.0,8.4,72.0,211.0,87.0,325.0,490.0,1125712,25544867,Memento
1997,134,57.0,8.4,158.0,550.0,698.0,731.0,77.0,343171,2375308,Mononoke-hime
1984,229,110.0,8.4,389.0,441.0,276.0,185.0,735.0,311365,5321508,Once Upon a Time in America
1981,115,0.0,8.4,408.0,216.0,359.0,535.0,365.0,884112,248159971,Raiders of the Lost Ark
1980,146,142.0,8.4,401.0,239.0,601.0,147.0,671.0,898237,44017374,The Shining
1979,147,154.0,8.4,120.0,361.0,433.0,584.0,230.0,606398,83471511,Apocalypse Now
1979,117,175.0,8.4,355.0,486.0,656.0,337.0,744.0,787806,78900000,Alien
1964,95,86.0,8.4,401.0,415.0,217.0,657.0,414.0,450474,275902,Dr. Strangelove or: How I Learned to Stop Worrying and Love the Bomb
1957,116,116.0,8.4,42.0,524.0,432.0,101.0,204.0,108862,8175000,Witness for the Prosecution
1954,112,179.0,8.4,17.0,245.0,225.0,719.0,718.0,444074,36764313,Rear Window
1940,125,98.0,8.4,64.0,93.0,522.0,276.0,618.0,203150,288475,The Great Dictator
2019,119,163.0,8.3,379.0,139.0,220.0,143.0,140.0,425844,159227644,1917
2018,139,114.0,8.3,398.0,42.0,628.0,556.0,39.0,71875,1373943,Andhadhun
2012,115,124.0,8.3,428.0,345.0,642.0,37.0,438.0,281623,687185,Jagten
2011,123,124.0,8.3,35.0,409.0,399.0,626.0,677.0,220002,7098492,Jodaeiye Nader az Simin
2010,131,154.0,8.3,96.0,341.0,483.0,463.0,550.0,150023,6857096,Incendies
2009,153,49.0,8.3,341.0,66.0,137.0,182.0,551.0,1267869,120540719,Inglourious Basterds
2004,108,156.0,8.3,293.0,269.0,361.0,691.0,246.0,911664,34400301,Eternal Sunshine of the Spotless Mind
2001,122,108.0,8.3,190.0,41.0,443.0,603.0,461.0,703810,33225499,Amélie
2000,104,87.0,8.3,154.0,256.0,69.0,59.0,164.0,782001,30328156,Snatch
2000,102,124.0,8.3,83.0,161.0,285.0,306.0,496.0,766870,3635482,Requiem for a Dream
1999,122,124.0,8.3,379.0,313.0,37.0,680.0,757.0,1069738,130096601,American Beauty
1997,126,155.0,8.3,152.0,445.0,444.0,55.0,694.0,861606,138433435,Good Will Hunting
1997,89,128.0,8.3,263.0,387.0,21.0,50.0,552.0,65341,933933,Bacheha-Ye aseman
1995,81,61.0,8.3,212.0,516.0,645.0,172.0,345.0,887429,191796233,Toy Story
1995,178,80.0,8.3,284.0,371.0,615.0,533.0,38.0,959181,75600000,Braveheart
1992,99,119.0,8.3,341.0,218.0,647.0,475.0,129.0,918562,2832029,Reservoir Dogs
1987,116,165.0,8.3,401.0,368.0,531.0,712.0,2.0,675146,46357676,Full Metal Jacket
1986,137,9.0,8.3,173.0,486.0,457.0,93.0,587.0,652719,85160248,Aliens
1984,160,80.0,8.3,300.0,176.0,655.0,184.0,644.0,369007,51973029,Amadeus
1983,170,110.0,8.3,51.0,9.0,467.0,658.0,501.0,740911,45598982,Scarface
1983,131,4.0,8.3,354.0,355.0,233.0,92.0,78.0,950470,309125409,Star Wars: Episode VI - Return of the Jedi
1981,149,48.0,8.3,460.0,300.0,243.0,395.0,278.0,231855,11487676,Das Boot
1976,114,110.0,8.3,275.0,441.0,322.0,134.0,15.0,724636,28262574,Taxi Driver
1973,129,88.0,8.3,142.0,407.0,553.0,589.0,119.0,241513,159600000,The Sting
1971,136,118.0,8.3,401.0,346.0,513.0,470.0,754.0,757904,6207725,A Clockwork Orange
1968,149,55.0,8.3,401.0,306.0,206.0,723.0,152.0,603517,56954992,2001: A Space Odyssey
1965,132,181.0,8.3,389.0,115.0,397.0,227.0,478.0,232772,15000000,Per qualche dollaro in più
1962,228,35.0,8.3,87.0,413.0,12.0,41.0,295.0,268085,44824144,Lawrence of Arabia
1960,125,96.0,8.3,42.0,238.0,604.0,212.0,616.0,164363,18600000,The Apartment
1959,136,54.0,8.3,17.0,88.0,182.0,283.0,343.0,299198,13275000,North by Northwest
1958,128,177.0,8.3,17.0,245.0,379.0,51.0,729.0,364368,3200000,Vertigo
1952,103,106.0,8.3,399.0,194.0,214.0,173.0,161.0,218957,8819028,Singin' in the Rain
1952,143,124.0,8.3,5.0,500.0,497.0,643.0,264.0,68463,55240,Ikiru
1948,89,124.0,8.3,452.0,322.0,175.0,415.0,196.0,146427,332930,Ladri di biciclette
1944,107,112.0,8.3,42.0,187.0,54.0,179.0,102.0,143525,5720000,Double Indemnity
1941,119,150.0,8.3,321.0,402.0,343.0,174.0,4.0,403351,1585634,Citizen Kane
1931,117,122.0,8.3,128.0,412.0,164.0,268.0,577.0,143434,28877,M - Eine Stadt sucht einen Mörder
1927,153,159.0,8.3,128.0,73.0,18.0,244.0,646.0,159992,1236166,Metropolis
1921,68,92.0,8.3,64.0,93.0,154.0,278.0,107.0,113314,5450000,The Kid
2019,143,91.0,8.2,313.0,495.0,605.0,703.0,602.0,33893,898575,Chhichhore
2018,138,28.0,8.2,4.0,531.0,509.0,489.0,771.0,43444,4186168,Uri: The Surgical Strike
2018,130,76.0,8.2,334.0,533.0,421.0,419.0,674.0,377884,85080171,Green Book
2017,115,88.0,8.2,274.0,184.0,690.0,618.0,105.0,432610,54513740,"Three Billboards Outside Ebbing, Missouri"
2015,132,116.0,8.2,282.0,233.0,381.0,505.0,687.0,31142,342370,Talvar
2017,167,23.0,8.2,378.0,421.0,537.0,44.0,710.0,75348,20186659,Baahubali 2: The Conclusion
2015,163,116.0,8.2,312.0,7.0,606.0,664.0,611.0,70367,739478,Drishyam
2013,146,37.0,8.2,448.0,302.0,535.0,422.0,331.0,60701,1429534,Queen
2013,87,165.0,8.2,470.0,329.0,165.0,230.0,540.0,40382,144501,Mandariinid
2013,186,83.0,8.2,343.0,177.0,613.0,540.0,51.0,61137,1626289,Bhaag Milkha Bhaag
2010,134,124.0,8.2,449.0,426.0,564.0,435.0,614.0,42341,7461,Udaan
2012,135,13.0,8.2,429.0,233.0,422.0,557.0,269.0,33237,39567,Paan Singh Tomar
2009,129,151.0,8.2,231.0,432.0,611.0,529.0,109.0,193217,6391436,El secreto de sus ojos
2011,140,27.0,8.2,135.0,517.0,490.0,328.0,336.0,435950,13657115,Warrior
2010,138,179.0,8.2,275.0,330.0,168.0,446.0,66.0,1129894,128012934,Shutter Island
2009,96,61.0,8.2,332.0,62.0,155.0,350.0,364.0,935507,293004164,Up
2013,180,77.0,8.2,275.0,330.0,341.0,439.0,510.0,1187498,116900694,The Wolf of Wall Street
2007,153,128.0,8.2,391.0,479.0,667.0,613.0,681.0,74129,1113541,Chak De! India
2007,158,124.0,8.2,328.0,125.0,518.0,123.0,500.0,517359,40222514,There Will Be Blood
2006,118,132.0,8.2,151.0,236.0,46.0,638.0,484.0,618623,37634615,Pan's Labyrinth
2010,103,61.0,8.2,254.0,516.0,645.0,320.0,559.0,757032,415004880,Toy Story 3
2005,132,26.0,8.2,181.0,228.0,488.0,605.0,696.0,1032749,70511035,V for Vendetta
2006,167,88.0,8.2,343.0,0.0,610.0,646.0,678.0,111937,2197331,Rang De Basanti
2005,122,124.0,8.2,383.0,18.0,538.0,642.0,58.0,33354,733094,Black
2005,140,0.0,8.2,72.0,109.0,458.0,386.0,451.0,1308302,206852432,Batman Begins
2004,210,124.0,8.2,36.0,479.0,211.0,394.0,686.0,83005,1223240,"Swades: We, the People"
2004,156,80.0,8.2,317.0,80.0,16.0,700.0,391.0,331308,5509040,Der Untergang
2004,119,63.0,8.2,158.0,98.0,632.0,670.0,9.0,333915,4711096,Hauru no ugoku shiro
2001,135,78.0,8.2,374.0,457.0,152.0,306.0,132.0,848920,170742341,A Beautiful Mind
1998,107,15.0,8.2,154.0,253.0,135.0,509.0,322.0,535216,3897569,"Lock, Stock and Two Smoking Barrels"
1997,138,116.0,8.2,76.0,313.0,572.0,245.0,424.0,531967,64616940,L.A. Confidential
1995,170,119.0,8.2,290.0,9.0,550.0,701.0,372.0,577113,67436818,Heat
1995,178,110.0,8.2,275.0,441.0,600.0,326.0,312.0,466276,42438300,Casino
1992,130,167.0,8.2,73.0,115.0,213.0,494.0,626.0,375935,101157447,Unforgiven
1989,127,0.0,8.2,408.0,216.0,592.0,16.0,163.0,692366,197171806,Indiana Jones and the Last Crusade
1988,142,88.0,8.2,107.0,138.0,67.0,424.0,280.0,26402,280015,Dom za vesanje
1988,86,74.0,8.2,158.0,224.0,499.0,106.0,680.0,291180,1105564,Tonari no Totoro
1988,132,33.0,8.2,214.0,79.0,8.0,76.0,619.0,793164,83008852,Die Hard
1985,162,28.0,8.2,5.0,503.0,4.0,317.0,148.0,112505,4135750,Ran
1980,129,83.0,8.2,275.0,441.0,90.0,326.0,228.0,321860,23383987,Raging Bull
1979,162,159.0,8.2,19.0,16.0,14.0,23.0,565.0,116945,234723,Stalker
1975,91,39.0,8.2,424.0,505.0,226.0,331.0,213.0,500875,1229197,Monty Python and the Holy Grail
1963,172,44.0,8.2,217.0,492.0,272.0,568.0,118.0,224730,12100000,The Great Escape
1959,121,105.0,8.2,42.0,352.0,659.0,274.0,242.0,243943,25000000,Some Like It Hot
1955,118,119.0,8.2,232.0,262.0,84.0,586.0,316.0,28810,57226,Du rififi chez les hommes
1954,105,123.0,8.2,17.0,430.0,225.0,581.0,370.0,158335,12562,Dial M for Murder
1950,88,116.0,8.2,5.0,522.0,412.0,457.0,708.0,152572,96568,Rashômon
1950,138,124.0,8.2,226.0,53.0,35.0,224.0,117.0,120539,10177,All About Eve
1948,126,50.0,8.2,210.0,229.0,676.0,682.0,93.0,114304,5014000,The Treasure of the Sierra Madre
1925,95,37.0,8.2,64.0,93.0,413.0,688.0,272.0,101053,5450000,The Gold Rush
1924,45,18.0,8.2,56.0,83.0,363.0,324.0,218.0,41985,977375,Sherlock Jr.
2019,122,155.0,8.1,77.0,398.0,2.0,430.0,742.0,63134,3759854,Portrait de la jeune fille en feu
2016,136,162.0,8.1,28.0,497.0,22.0,393.0,32.0,39216,1241223,Pink
2016,145,157.0,8.1,63.0,315.0,354.0,109.0,547.0,113649,2006788,Ah-ga-ssi
2014,139,124.0,8.1,463.0,30.0,42.0,660.0,582.0,50700,3492754,Mommy
2014,160,20.0,8.1,451.0,481.0,628.0,645.0,412.0,50445,901610,Haider
2017,137,26.0,8.1,179.0,226.0,515.0,135.0,85.0,647884,226277068,Logan
2015,118,162.0,8.1,255.0,72.0,267.0,633.0,756.0,371538,14677674,Room
2014,122,97.0,8.1,79.0,131.0,440.0,497.0,171.0,177059,3107072,Relatos salvajes
2014,196,124.0,8.1,316.0,214.0,453.0,162.0,57.0,46547,165520,Kis Uykusu
2014,153,95.0,8.1,342.0,0.0,45.0,623.0,83.0,163061,10616104,PK
2012,125,93.0,8.1,446.0,405.0,5.0,487.0,476.0,51739,923221,OMG: Oh My God!
2014,99,36.0,8.1,455.0,427.0,186.0,458.0,3.0,707630,59100318,The Grand Budapest Hotel
2014,149,153.0,8.1,86.0,47.0,567.0,506.0,738.0,859695,167767189,Gone Girl
2016,139,80.0,8.1,284.0,26.0,582.0,429.0,713.0,435928,67209615,Hacksaw Ridge
2015,95,61.0,8.1,332.0,453.0,24.0,64.0,449.0,616228,356461711,Inside Out
2012,151,96.0,8.1,33.0,429.0,529.0,266.0,669.0,75721,2804874,Barfi!
2013,134,80.0,8.1,406.0,99.0,462.0,474.0,87.0,640533,56671993,12 Years a Slave
2013,123,14.0,8.1,374.0,123.0,100.0,521.0,20.0,432811,26947624,Rush
2019,152,14.0,8.1,179.0,365.0,104.0,345.0,104.0,291289,117624028,Ford v Ferrari
2015,129,77.0,8.1,435.0,356.0,461.0,555.0,452.0,420316,45055776,Spotlight
2014,93,62.0,8.1,438.0,134.0,73.0,421.0,221.0,51679,857524,Song of the Sea
2012,122,179.0,8.1,410.0,532.0,508.0,267.0,558.0,57806,1035953,Kahaani
2011,155,91.0,8.1,471.0,225.0,187.0,2.0,410.0,67927,3108485,Zindagi Na Milegi Dobara
2013,153,116.0,8.1,96.0,226.0,269.0,714.0,519.0,601149,61002302,Prisoners
2015,120,9.0,8.1,140.0,517.0,93.0,508.0,780.0,882316,154058340,Mad Max: Fury Road
2008,116,124.0,8.1,73.0,115.0,58.0,117.0,7.0,720450,148095302,Gran Torino
2011,130,43.0,8.1,93.0,127.0,171.0,606.0,525.0,764493,381011219,Harry Potter and the Deathly Hallows: Part 2
2008,130,146.0,8.1,468.0,363.0,576.0,696.0,413.0,48582,1498210,Okuribito
2010,98,57.0,8.1,95.0,107.0,289.0,226.0,131.0,666773,217581231,How to Train Your Dragon
2007,148,35.0,8.1,387.0,164.0,670.0,98.0,479.0,572921,18354356,Into the Wild
2007,122,119.0,8.1,110.0,276.0,657.0,297.0,378.0,856916,74283625,No Country for Old Men
2006,144,96.0,8.1,342.0,472.0,48.0,709.0,83.0,43137,2217561,Lage Raho Munna Bhai
2004,132,161.0,8.1,73.0,222.0,116.0,494.0,323.0,635975,100492203,Million Dollar Baby
2004,121,80.0,8.1,423.0,145.0,616.0,322.0,770.0,334320,23530892,Hotel Rwanda
2004,140,28.0,8.1,185.0,250.0,688.0,192.0,281.0,37820,1111061,Taegukgi hwinalrimyeo
2004,80,155.0,8.1,353.0,174.0,352.0,706.0,466.0,236311,5820649,Before Sunset
2003,131,116.0,8.1,47.0,301.0,380.0,595.0,301.0,139558,14131,Salinui chueok
2001,183,96.0,8.1,114.0,0.0,578.0,7.0,603.0,66803,300000,Dil Chahta Hai
2003,111,20.0,8.1,341.0,527.0,126.0,149.0,527.0,1000639,70099045,Kill Bill: Vol. 1
2003,100,61.0,8.1,24.0,328.0,10.0,186.0,19.0,949565,380843261,Finding Nemo
2002,141,77.0,8.1,408.0,330.0,652.0,121.0,499.0,832846,164615351,Catch Me If You Can
2000,154,162.0,8.1,10.0,165.0,204.0,235.0,781.0,223741,5383834,Amores perros
2001,92,61.0,8.1,332.0,135.0,396.0,70.0,356.0,815505,289916256,"Monsters, Inc."
2001,224,45.0,8.1,36.0,0.0,534.0,237.0,607.0,105036,70147,Lagaan: Once Upon a Time in India
1999,107,153.0,8.1,262.0,79.0,232.0,692.0,574.0,911573,293506292,The Sixth Sense
1998,169,149.0,8.1,146.0,511.0,530.0,495.0,75.0,59020,259127,La leggenda del pianista sull'oceano
1998,103,91.0,8.1,337.0,269.0,152.0,402.0,568.0,939631,125618201,The Truman Show
1998,127,89.0,8.1,107.0,43.0,617.0,80.0,223.0,50862,348660,"Crna macka, beli macor"
1998,117,90.0,8.1,201.0,173.0,297.0,334.0,392.0,732620,17498804,The Big Lebowski
2000,98,155.0,8.1,236.0,520.0,419.0,552.0,737.0,124383,2734044,Fa yeung nin wah
1996,93,124.0,8.1,82.0,175.0,185.0,349.0,423.0,634716,16501785,Trainspotting
1996,98,119.0,8.1,201.0,173.0,685.0,206.0,698.0,617444,24611975,Fargo
1995,170,98.0,8.1,107.0,422.0,392.0,486.0,685.0,55220,171082,Underground
1995,98,110.0,8.1,278.0,535.0,248.0,627.0,0.0,150345,309811,La haine
1995,101,155.0,8.1,353.0,174.0,352.0,24.0,259.0,272291,5535405,Before Sunrise
1994,99,151.0,8.1,249.0,234.0,295.0,215.0,328.0,90729,4043686,Trois couleurs: Rouge
1994,102,88.0,8.1,236.0,74.0,631.0,693.0,219.0,63122,600200,Chung Hing sam lam
1993,127,9.0,8.1,408.0,463.0,385.0,304.0,623.0,867615,402453882,Jurassic Park
1993,133,77.0,8.1,198.0,125.0,525.0,15.0,597.0,156842,25010410,In the Name of the Father
1993,171,149.0,8.1,235.0,331.0,191.0,234.0,772.0,25088,5216888,Ba wang bie ji
1991,125,139.0,8.1,466.0,207.0,316.0,615.0,146.0,29662,2603061,Dà hóng denglong gaogao guà
1989,128,91.0,8.1,337.0,445.0,555.0,191.0,379.0,425457,95860116,Dead Poets Society
1986,89,42.0,8.1,357.0,539.0,549.0,130.0,339.0,363401,52287414,Stand by Me
1986,120,165.0,8.1,318.0,95.0,650.0,722.0,416.0,381222,138530565,Platoon
1984,145,124.0,8.1,458.0,217.0,487.0,158.0,54.0,91188,2181987,"Paris, Texas"
1984,117,64.0,8.1,158.0,493.0,423.0,255.0,252.0,150924,495770,Kaze no tani no Naushika
1982,109,173.0,8.1,206.0,318.0,681.0,385.0,629.0,371271,13782838,The Thing
1982,95,129.0,8.1,8.0,60.0,108.0,282.0,195.0,76081,22244207,Pink Floyd: The Wall
1982,188,124.0,8.1,164.0,52.0,524.0,398.0,103.0,57784,4971340,Fanny och Alexander
1982,117,32.0,8.1,355.0,216.0,573.0,635.0,192.0,693827,32868943,Blade Runner
1979,94,86.0,8.1,425.0,208.0,328.0,476.0,715.0,367250,20045115,Life of Brian
1978,183,165.0,8.1,287.0,441.0,113.0,330.0,367.0,311361,48979328,The Deer Hunter
1976,120,161.0,8.1,208.0,496.0,633.0,87.0,108.0,518546,117235247,Rocky
1975,107,78.0,8.1,19.0,349.0,192.0,265.0,572.0,40081,177345,Zerkalo
1974,130,153.0,8.1,372.0,239.0,189.0,338.0,591.0,294230,29000000,Chinatown
1973,102,88.0,8.1,333.0,459.0,636.0,431.0,358.0,42285,30933743,Paper Moon
1972,91,124.0,8.1,164.0,215.0,407.0,374.0,286.0,30206,1742348,Viskningar och rop
1967,105,116.0,8.1,191.0,10.0,201.0,502.0,116.0,45434,39481,Le samouraï
1967,127,110.0,8.1,409.0,407.0,219.0,659.0,291.0,161984,16217773,Cool Hand Luke
1966,205,80.0,8.1,19.0,23.0,259.0,512.0,566.0,46947,102021,Andrei Rublev
1966,121,165.0,8.1,145.0,69.0,291.0,726.0,661.0,53089,55908,La battaglia di Algeri
1962,134,145.0,8.1,358.0,53.0,318.0,707.0,758.0,50058,4050000,What Ever Happened to Baby Jane?
1960,89,124.0,8.1,164.0,369.0,66.0,242.0,79.0,26697,1526000,Jungfrukällan
1959,212,44.0,8.1,457.0,97.0,262.0,654.0,267.0,219466,74700000,Ben-Hur
1957,110,124.0,8.1,116.0,204.0,201.0,205.0,183.0,42940,752045,Le notti di Cabiria
1957,161,49.0,8.1,87.0,542.0,12.0,272.0,675.0,203463,44908000,The Bridge on the River Kwai
1954,108,119.0,8.1,106.0,358.0,360.0,408.0,635.0,142107,9600000,On the Waterfront
1951,111,133.0,8.1,42.0,316.0,279.0,580.0,601.0,31568,3969893,Ace in the Hole
1949,104,171.0,8.1,60.0,402.0,343.0,14.0,736.0,158731,449191,The Third Man
1948,135,149.0,8.1,291.0,163.0,43.0,445.0,544.0,30935,10900000,The Red Shoes
1940,99,96.0,8.1,109.0,348.0,275.0,210.0,377.0,28450,203300,The Shop Around the Corner
1940,130,151.0,8.1,17.0,324.0,319.0,224.0,383.0,123942,4360000,Rebecca
1939,129,91.0,8.1,123.0,245.0,290.0,125.0,189.0,107017,9600000,Mr. Smith Goes to Washington
1939,238,139.0,8.1,447.0,200.0,581.0,124.0,749.0,290074,198676459,Gone with the Wind
1937,113,165.0,8.1,186.0,260.0,142.0,551.0,217.0,33829,172885,La Grande Illusion
1934,105,108.0,8.1,123.0,113.0,115.0,716.0,641.0,94016,4360000,It Happened One Night
1928,110,80.0,8.1,59.0,350.0,180.0,25.0,512.0,47676,21877,La passion de Jeanne d'Arc
1927,94,155.0,8.1,112.0,201.0,282.0,438.0,82.0,46865,539540,Sunrise: A Song of Two Humans
1926,67,1.0,8.1,74.0,83.0,79.0,444.0,249.0,81156,1033895,The General
2015,163,1.0,8.0,234.0,462.0,235.0,503.0,399.0,72245,8178001,Bajrangi Bhaijaan
2016,128,94.0,8.0,78.0,458.0,169.0,601.0,292.0,505918,151101803,La La Land
2016,118,78.0,8.0,132.0,142.0,492.0,600.0,703.0,213970,51739495,Lion
2015,144,47.0,8.0,355.0,365.0,312.0,397.0,404.0,760094,228433663,The Martian
2016,108,61.0,8.0,57.0,433.0,284.0,229.0,317.0,434143,341268248,Zootopia
2015,159,23.0,8.0,378.0,421.0,537.0,561.0,668.0,102972,6738000,Bãhubali: The Beginning
2013,137,62.0,8.0,166.0,100.0,270.0,454.0,308.0,38746,1506975,Kaguyahime no monogatari
2017,113,125.0,8.0,402.0,241.0,506.0,270.0,386.0,141923,132422809,Wonder
2019,154,149.0,8.0,471.0,534.0,484.0,563.0,746.0,31886,5566534,Gully Boy
2013,144,119.0,8.0,304.0,8.0,44.0,436.0,346.0,51069,1079369,Special Chabbis
2013,96,124.0,8.0,98.0,72.0,198.0,333.0,397.0,81770,1010414,Short Term 12
2014,150,22.0,8.0,131.0,232.0,692.0,45.0,571.0,114316,2625803,Serbuan maut 2: Berandal
2014,114,84.0,8.0,301.0,51.0,369.0,460.0,24.0,685201,91125683,The Imitation Game
2014,121,1.0,8.0,176.0,105.0,669.0,78.0,779.0,1043455,333176600,Guardians of the Galaxy
2017,164,25.0,8.0,96.0,216.0,574.0,22.0,158.0,461823,92054159,Blade Runner 2049
2013,126,156.0,8.0,396.0,272.0,23.0,628.0,638.0,540772,25568251,Her
2018,134,81.0,8.0,55.0,428.0,411.0,246.0,64.0,450349,216428042,Bohemian Rhapsody
2015,156,2.0,8.0,10.0,330.0,653.0,721.0,174.0,705589,183637894,The Revenant
2012,103,155.0,8.0,402.0,339.0,171.0,195.0,588.0,462252,17738570,The Perks of Being a Wallflower
2010,115,20.0,8.0,230.0,538.0,254.0,26.0,538.0,79200,100119,Tropa de Elite 2: O Inimigo Agora é Outro
2010,118,80.0,8.0,434.0,117.0,216.0,250.0,166.0,639603,138797449,The King's Speech
2011,146,124.0,8.0,416.0,169.0,672.0,518.0,99.0,428521,169708112,The Help
2016,108,1.0,8.0,431.0,460.0,480.0,663.0,187.0,902669,363070709,Deadpool
2009,119,150.0,8.0,35.0,206.0,599.0,668.0,522.0,45803,106662,Darbareye Elly
2009,144,155.0,8.0,34.0,2.0,422.0,372.0,170.0,28749,10950,Dev.D
2010,165,124.0,8.0,237.0,479.0,356.0,641.0,409.0,98575,4018695,My Name Is Khan
2008,120,155.0,8.0,82.0,340.0,134.0,214.0,669.0,798882,141319928,Slumdog Millionaire
2010,108,162.0,8.0,83.0,393.0,472.0,711.0,767.0,699673,106954678,Black Swan
2007,115,20.0,8.0,230.0,538.0,29.0,89.0,538.0,98097,8060,Tropa de Elite
2012,143,9.0,8.0,229.0,442.0,99.0,628.0,338.0,1260806,623279547,The Avengers
2007,96,66.0,8.0,450.0,354.0,96.0,97.0,238.0,88656,4445756,Persepolis
2013,117,78.0,8.0,189.0,367.0,303.0,293.0,699.0,441614,27298285,Dallas Buyers Club
2006,117,78.0,8.0,129.0,540.0,641.0,279.0,90.0,448930,163566459,The Pursuit of Happyness
2006,143,48.0,8.0,105.0,330.0,143.0,306.0,396.0,499439,57366262,Blood Diamond
2007,115,30.0,8.0,324.0,365.0,153.0,319.0,387.0,604694,227471070,The Bourne Ultimatum
2004,88,117.0,8.0,248.0,478.0,237.0,262.0,347.0,50610,238507,Bin-jip
2005,124,123.0,8.0,125.0,424.0,554.0,483.0,139.0,738512,74103820,Sin City
2007,112,78.0,8.0,233.0,323.0,442.0,189.0,485.0,103284,5990075,Le scaphandre et le papillon
2007,111,61.0,8.0,49.0,248.0,68.0,427.0,584.0,641645,206445654,Ratatouille
2006,144,10.0,8.0,273.0,124.0,181.0,356.0,333.0,582239,167445960,Casino Royale
2004,137,22.0,8.0,341.0,527.0,126.0,475.0,157.0,683900,66208183,Kill Bill: Vol. 2
2003,110,124.0,8.0,25.0,537.0,258.0,396.0,556.0,42399,502028,Vozvrashchenie
2003,103,155.0,8.0,248.0,314.0,693.0,348.0,427.0,77520,2380788,Bom Yeoareum Gaeul Gyeoul Geurigo Bom
2014,126,78.0,8.0,9.0,257.0,59.0,425.0,473.0,77554,2086345,Mar adentro
2005,144,80.0,8.0,374.0,457.0,546.0,131.0,586.0,176151,61649911,Cinderella Man
2003,186,95.0,8.0,311.0,423.0,598.0,614.0,324.0,63460,1787378,Kal Ho Naa Ho
2002,101,20.0,8.0,22.0,11.0,30.0,693.0,44.0,117857,169659,Mou gaan dou
2003,143,4.0,8.0,147.0,287.0,216.0,526.0,415.0,1015122,305413918,Pirates of the Caribbean: The Curse of the Black Pearl
2003,125,43.0,8.0,430.0,175.0,11.0,69.0,342.0,415218,66257002,Big Fish
2004,115,57.0,8.0,49.0,118.0,584.0,256.0,318.0,657047,261441092,The Incredibles
2003,178,110.0,8.0,251.0,396.0,517.0,403.0,262.0,137963,1530386,Dogville
2001,113,152.0,8.0,351.0,242.0,300.0,453.0,276.0,740086,1480006,Donnie Darko
1999,188,124.0,8.0,328.0,514.0,286.0,360.0,598.0,289742,22455976,Magnolia
2000,140,115.0,8.0,251.0,59.0,89.0,154.0,596.0,102285,4184036,Dancer in the Dark
1999,112,78.0,8.0,89.0,436.0,609.0,288.0,374.0,82002,6203044,The Straight Story
1997,81,70.0,8.0,384.0,299.0,548.0,644.0,505.0,58192,776665,Pâfekuto burû
1998,105,124.0,8.0,428.0,526.0,239.0,678.0,579.0,78341,1647780,Festen
1998,110,124.0,8.0,454.0,181.0,671.0,456.0,688.0,36419,5595428,Central do Brasil
1999,86,57.0,8.0,49.0,157.0,234.0,305.0,747.0,172083,23159305,The Iron Giant
1997,87,19.0,8.0,427.0,509.0,278.0,676.0,549.0,27721,3296,Knockin' on Heaven's Door
1996,135,124.0,8.0,41.0,56.0,151.0,271.0,366.0,86838,24475416,Sling Blade
1996,136,91.0,8.0,297.0,513.0,71.0,550.0,136.0,37564,13417292,Secrets & Lies
1995,129,178.0,8.0,424.0,79.0,415.0,77.0,376.0,578443,57141459,Twelve Monkeys
1995,83,58.0,8.0,265.0,39.0,252.0,6.0,435.0,129231,515905,Kôkaku Kidôtai
1993,76,74.0,8.0,159.0,129.0,103.0,99.0,764.0,300208,75082668,The Nightmare Before Christmas
1993,101,101.0,8.0,157.0,54.0,26.0,112.0,697.0,577991,70906973,Groundhog Day
1993,180,110.0,8.0,417.0,122.0,310.0,60.0,210.0,28825,4496583,Bound by Honor
1992,156,124.0,8.0,272.0,9.0,101.0,284.0,231.0,263918,63895607,Scent of a Woman
1992,90,61.0,8.0,373.0,284.0,591.0,593.0,454.0,373845,217350219,Aladdin
1991,189,140.0,8.0,318.0,311.0,207.0,274.0,751.0,142110,70405498,JFK
1991,84,74.0,8.0,133.0,317.0,507.0,578.0,341.0,417178,218967620,Beauty and the Beast
1990,181,50.0,8.0,244.0,311.0,438.0,238.0,636.0,240266,184208848,Dances with Wolves
1989,120,91.0,8.0,397.0,128.0,505.0,602.0,624.0,89429,27545445,Do the Right Thing
1988,133,124.0,8.0,37.0,149.0,651.0,702.0,244.0,473064,178800000,Rain Man
1988,124,60.0,8.0,238.0,386.0,501.0,434.0,717.0,164918,553171,Akira
1987,98,51.0,8.0,357.0,87.0,425.0,594.0,130.0,393899,30857814,The Princess Bride
1987,128,131.0,8.0,458.0,80.0,612.0,528.0,147.0,64722,3333969,Der Himmel über Berlin
1987,104,165.0,8.0,257.0,191.0,540.0,207.0,693.0,31163,4542825,Au revoir les enfants
1984,107,31.0,8.0,173.0,36.0,406.0,472.0,589.0,799795,38400000,The Terminator
1982,191,80.0,8.0,347.0,49.0,330.0,596.0,642.0,217664,52767889,Gandhi
1979,130,91.0,8.0,155.0,415.0,604.0,468.0,298.0,65625,30177511,Being There
1977,93,108.0,8.0,462.0,547.0,136.0,695.0,111.0,251823,39200000,Annie Hall
1975,124,56.0,8.0,408.0,455.0,556.0,570.0,463.0,543388,260000000,Jaws
1975,125,77.0,8.0,394.0,9.0,327.0,541.0,702.0,235652,50000000,Dog Day Afternoon
1974,106,86.0,8.0,283.0,196.0,416.0,451.0,592.0,143359,86300000,Young Frankenstein
1973,151,77.0,8.0,126.0,492.0,150.0,708.0,177.0,121627,53267000,Papillon
1973,122,172.0,8.0,456.0,161.0,449.0,418.0,441.0,362393,232906145,The Exorcist
1972,138,179.0,8.0,226.0,324.0,458.0,12.0,362.0,44748,4081254,Sleuth
1971,118,155.0,8.0,333.0,512.0,297.0,134.0,65.0,42456,29133000,The Last Picture Show
1971,181,127.0,8.0,315.0,521.0,500.0,410.0,545.0,39491,80500000,Fiddler on the Roof
1970,113,124.0,8.0,40.0,263.0,618.0,220.0,211.0,27067,541940,Il conformista
1969,110,77.0,8.0,142.0,407.0,553.0,380.0,700.0,201888,102308889,Butch Cassidy and the Sundance Kid
1968,112,55.0,8.0,126.0,97.0,561.0,391.0,511.0,165167,33395426,Planet of the Apes
1967,106,96.0,8.0,299.0,149.0,34.0,380.0,763.0,253676,104945305,The Graduate
1965,172,79.0,8.0,366.0,297.0,112.0,181.0,627.0,205425,163214286,The Sound of Music
1965,197,158.0,8.0,87.0,401.0,351.0,225.0,635.0,69903,111722000,Doctor Zhivago
1964,99,29.0,8.0,389.0,115.0,223.0,441.0,768.0,198219,14500000,Per un pugno di dollari
1963,138,124.0,8.0,116.0,347.0,38.0,126.0,663.0,108844,50690,8½
1961,134,161.0,8.0,364.0,407.0,266.0,553.0,241.0,75067,8284000,The Hustler
1960,174,91.0,8.0,116.0,347.0,32.0,39.0,775.0,66621,19516000,La dolce vita
1959,141,29.0,8.0,162.0,286.0,129.0,575.0,37.0,56305,12535000,Rio Bravo
1959,161,116.0,8.0,322.0,245.0,394.0,57.0,52.0,59847,11900000,Anatomy of a Murder
1958,95,112.0,8.0,321.0,97.0,504.0,291.0,375.0,98431,2237659,Touch of Evil
1958,108,124.0,8.0,348.0,159.0,521.0,85.0,294.0,45062,17570324,Cat on a Hot Tin Roof
1955,92,112.0,8.0,65.0,443.0,602.0,416.0,307.0,81980,654000,The Night of the Hunter
1951,122,124.0,8.0,106.0,536.0,433.0,391.0,401.0,99182,8000000,A Streetcar Named Desire
1944,88,134.0,8.0,322.0,195.0,122.0,127.0,748.0,42725,4360000,Laura
1946,170,158.0,8.0,457.0,391.0,122.0,213.0,714.0,57259,23650000,The Best Years of Our Lives
1941,100,170.0,8.0,210.0,229.0,437.0,233.0,595.0,148928,2108060,The Maltese Falcon
1940,129,136.0,8.0,207.0,219.0,280.0,329.0,123.0,85559,55000,The Grapes of Wrath
1939,102,51.0,8.0,447.0,200.0,454.0,516.0,630.0,371379,2076020,The Wizard of Oz
1930,152,165.0,8.0,256.0,333.0,409.0,344.0,50.0,57318,3270000,All Quiet on the Western Front
1925,75,140.0,8.0,388.0,13.0,674.0,240.0,290.0,53054,50970,Bronenosets Potemkin
2019,130,88.0,7.9,345.0,124.0,99.0,22.0,315.0,454203,165359751,Knives Out
2018,121,110.0,7.9,160.0,337.0,580.0,392.0,516.0,62754,3313513,Manbiki kazoku
2019,137,96.0,7.9,314.0,4.0,589.0,357.0,59.0,246644,2000000,Marriage Story
2017,132,155.0,7.9,259.0,35.0,648.0,478.0,27.0,212651,18095701,Call Me by Your Name
2016,100,124.0,7.9,240.0,323.0,125.0,249.0,679.0,53818,258168,"I, Daniel Blake"
2018,101,61.0,7.9,455.0,81.0,382.0,180.0,80.0,139114,32015231,Isle of Dogs
2016,101,37.0,7.9,413.0,463.0,349.0,576.0,606.0,111483,5202582,Hunt for the Wilderpeople
2016,118,91.0,7.9,280.0,533.0,220.0,619.0,41.0,189400,5875006,Captain Fantastic
2016,106,94.0,7.9,205.0,180.0,3.0,440.0,296.0,85109,3237118,Sing Street
2017,130,1.0,7.9,413.0,103.0,654.0,96.0,492.0,587775,315058289,Thor: Ragnarok
2014,117,119.0,7.9,80.0,242.0,545.0,67.0,632.0,466134,32381218,Nightcrawler
2019,108,98.0,7.9,413.0,450.0,644.0,628.0,707.0,297918,349555,Jojo Rabbit
2016,116,159.0,7.9,96.0,20.0,307.0,204.0,532.0,594181,100546139,Arrival
2015,138,9.0,7.9,168.0,120.0,325.0,527.0,174.0,860823,936662225,Star Wars: Episode VII - The Force Awakens
2013,109,155.0,7.9,353.0,174.0,352.0,632.0,49.0,141457,8114627,Before Midnight
2014,132,9.0,7.9,55.0,406.0,251.0,260.0,310.0,659763,233921534,X-Men: Days of Future Past
2011,157,110.0,7.9,316.0,390.0,694.0,667.0,5.0,41995,138730,Bir Zamanlar Anadolu'da
2011,100,96.0,7.9,294.0,259.0,80.0,334.0,304.0,230624,44671682,The Artist
2014,113,9.0,7.9,102.0,514.0,167.0,67.0,88.0,600004,100206256,Edge of Tomorrow
2012,127,155.0,7.9,289.0,263.0,173.0,269.0,22.0,93090,6739492,Amour
2019,209,77.0,7.9,275.0,441.0,6.0,326.0,265.0,324720,7000000,The Irishman
2009,155,110.0,7.9,171.0,498.0,494.0,3.0,617.0,93560,2084637,Un prophète
2009,97,152.0,7.9,103.0,465.0,375.0,170.0,643.0,335152,5009677,Moon
2008,114,111.0,7.9,437.0,320.0,405.0,543.0,271.0,205609,2122065,Låt den rätte komma in
2009,112,32.0,7.9,306.0,483.0,127.0,294.0,557.0,638202,115646235,District 9
2008,109,161.0,7.9,83.0,382.0,429.0,193.0,491.0,289415,26236603,The Wrestler
2007,138,96.0,7.9,163.0,481.0,358.0,669.0,155.0,47720,410800,Jab We Met
2014,165,124.0,7.9,353.0,160.0,510.0,191.0,198.0,335533,25379975,Boyhood
2007,113,124.0,7.9,75.0,22.0,388.0,715.0,23.0,56625,1185783,"4 luni, 3 saptamâni si 2 zile"
2009,127,9.0,7.9,168.0,104.0,700.0,649.0,447.0,577336,257730019,Star Trek
2008,107,88.0,7.9,274.0,116.0,73.0,123.0,202.0,390334,7757130,In Bruges
2006,141,2.0,7.9,73.0,309.0,367.0,697.0,656.0,154011,13756082,Letters from Iwo Jima
2006,117,43.0,7.9,415.0,327.0,91.0,371.0,426.0,107290,2280348,The Fall
2012,127,43.0,7.9,27.0,494.0,256.0,4.0,706.0,580708,124987023,Life of Pi
2009,87,61.0,7.9,455.0,199.0,455.0,65.0,321.0,199696,21002919,Fantastic Mr. Fox
2004,97,146.0,7.9,69.0,212.0,199.0,300.0,395.0,57430,3635164,Les choristes
2008,126,9.0,7.9,219.0,442.0,229.0,672.0,330.0,939644,318412101,Iron Man
2004,99,102.0,7.9,104.0,487.0,489.0,377.0,468.0,512249,13542874,Shaun of the Dead
2003,138,116.0,7.9,73.0,477.0,646.0,388.0,209.0,419420,90135191,Mystic River
2004,142,51.0,7.9,15.0,127.0,171.0,606.0,625.0,552493,249358727,Harry Potter and the Prisoner of Azkaban
2002,120,5.0,7.9,466.0,268.0,658.0,432.0,778.0,173999,53710019,Ying xiong
2002,112,151.0,7.9,330.0,454.0,288.0,150.0,448.0,104691,9284265,Hable con ella
2001,98,98.0,7.9,81.0,70.0,544.0,200.0,243.0,44618,1059830,No Man's Land
2001,115,58.0,7.9,392.0,504.0,245.0,730.0,63.0,42897,1000045,Cowboy Bebop: Tengoku no tobira
2002,119,30.0,7.9,102.0,186.0,444.0,111.0,139.0,508771,121661683,The Bourne Identity
2000,114,119.0,7.9,113.0,432.0,210.0,236.0,504.0,49721,1221261,Nueve reinas
2006,109,47.0,7.9,15.0,296.0,117.0,107.0,523.0,465113,35552383,Children of Men
2000,122,37.0,7.9,58.0,57.0,512.0,378.0,225.0,252586,32534850,Almost Famous
2001,147,153.0,7.9,89.0,392.0,386.0,369.0,329.0,322031,7220243,Mulholland Dr.
1999,92,61.0,7.9,212.0,38.0,396.0,687.0,722.0,527512,245852179,Toy Story 2
1997,155,124.0,7.9,328.0,357.0,350.0,86.0,470.0,239473,26400640,Boogie Nights
1994,102,110.0,7.9,253.0,431.0,638.0,433.0,388.0,31590,2201126,Once Were Warriors
1993,119,117.0,7.9,441.0,111.0,510.0,164.0,741.0,206918,12281500,True Romance
1993,94,148.0,7.9,249.0,298.0,702.0,362.0,70.0,89836,1324974,Trois couleurs: Bleu
1993,144,119.0,7.9,51.0,9.0,594.0,542.0,359.0,201000,36948322,Carlito's Way
1990,105,131.0,7.9,430.0,287.0,686.0,168.0,46.0,447368,56362352,Edward Scissorhands
1989,103,78.0,7.9,198.0,125.0,72.0,17.0,431.0,68076,14743391,My Left Foot: The Story of Christy Brown
1989,104,91.0,7.9,462.0,360.0,689.0,63.0,135.0,54670,18254702,Crimes and Misdemeanors
1987,119,119.0,7.9,51.0,311.0,592.0,582.0,122.0,281842,76270454,The Untouchables
1986,107,91.0,7.9,462.0,372.0,139.0,473.0,61.0,67176,40084041,Hannah and Her Sisters
1985,132,159.0,7.9,424.0,289.0,378.0,582.0,407.0,187567,9929135,Brazil
1984,82,103.0,7.9,357.0,440.0,463.0,119.0,428.0,128812,188751,This Is Spinal Tap
1983,93,99.0,7.9,44.0,410.0,452.0,148.0,672.0,132947,20605209,A Christmas Story
1980,133,1.0,7.9,211.0,277.0,121.0,88.0,351.0,183182,57229890,The Blues Brothers
1979,96,96.0,7.9,462.0,547.0,136.0,442.0,529.0,131436,45700000,Manhattan
1979,123,147.0,7.9,45.0,455.0,313.0,31.0,443.0,28223,37823676,All That Jazz
1978,127,6.0,7.9,137.0,133.0,370.0,631.0,236.0,111512,5100000,Dawn of the Dead
1976,138,80.0,7.9,7.0,149.0,553.0,277.0,498.0,103031,70600000,All the President's Men
1973,114,43.0,7.9,11.0,12.0,247.0,733.0,381.0,37183,61001,La montaña sagrada
1972,102,86.0,7.9,260.0,182.0,132.0,534.0,100.0,38737,198809,Le charme discret de la bourgeoisie
1970,172,85.0,7.9,126.0,198.0,360.0,656.0,531.0,93741,61700000,Patton
1969,145,12.0,7.9,380.0,542.0,176.0,588.0,188.0,77401,12064472,The Wild Bunch
1968,96,176.0,7.9,137.0,148.0,348.0,375.0,486.0,116557,89029,Night of the Living Dead
1968,134,80.0,7.9,29.0,413.0,362.0,40.0,353.0,29003,22276975,The Lion in Winter
1967,110,116.0,7.9,315.0,485.0,560.0,718.0,440.0,67804,24379978,In the Heat of the Night
1963,113,107.0,7.9,399.0,88.0,52.0,717.0,303.0,68689,13474588,Charade
1960,197,35.0,7.9,401.0,316.0,391.0,299.0,121.0,124339,30000000,Spartacus
1959,90,155.0,7.9,6.0,171.0,158.0,653.0,600.0,28421,88300,Hiroshima mon amour
1956,220,42.0,7.9,62.0,97.0,697.0,33.0,191.0,63560,93740000,The Ten Commandments
1952,85,164.0,7.9,127.0,189.0,225.0,679.0,459.0,97222,9450000,High Noon
1951,101,121.0,7.9,17.0,178.0,557.0,608.0,445.0,123341,7630000,Strangers on a Train
1947,96,92.0,7.9,143.0,152.0,448.0,340.0,239.0,41625,2650000,Miracle on 34th Street
1946,102,135.0,7.9,17.0,88.0,253.0,125.0,464.0,92306,10464000,Notorious
1946,114,120.0,7.9,162.0,229.0,389.0,341.0,497.0,78796,6540000,The Big Sleep
1945,101,133.0,7.9,42.0,430.0,281.0,549.0,277.0,33549,9460000,The Lost Weekend
1940,92,96.0,7.9,162.0,88.0,566.0,559.0,239.0,53667,296000,His Girl Friday
1938,102,8.0,7.9,288.0,543.0,178.0,523.0,62.0,47175,3981000,The Adventures of Robin Hood
1935,96,104.0,7.9,382.0,151.0,227.0,104.0,261.0,30580,2537520,A Night at the Opera
1933,100,53.0,7.9,286.0,172.0,188.0,579.0,94.0,78991,10000000,King Kong
2016,124,124.0,7.8,35.0,480.0,634.0,48.0,539.0,51240,2402067,Forushande
2017,106,24.0,7.8,72.0,183.0,56.0,447.0,728.0,555092,188373161,Dunkirk
2016,127,80.0,7.8,426.0,502.0,503.0,290.0,422.0,200876,169607287,Hidden Figures
2017,103,38.0,7.8,326.0,50.0,249.0,259.0,658.0,61594,40442052,Paddington 2
2016,101,57.0,7.8,442.0,96.0,49.0,461.0,613.0,118035,48023088,Kubo and the Two Strings
2016,184,83.0,7.8,304.0,495.0,376.0,43.0,172.0,40416,1782795,M.S. Dhoni: The Untold Story
2016,137,124.0,7.8,242.0,89.0,468.0,399.0,467.0,246963,47695120,Manchester by the Sea
2015,100,141.0,7.8,276.0,448.0,408.0,327.0,537.0,35539,435266,Under sandet
2016,133,9.0,7.8,130.0,179.0,141.0,9.0,181.0,556608,532177324,Rogue One
2016,147,9.0,7.8,30.0,275.0,99.0,583.0,670.0,663649,408084349,Captain America: Civil War
2015,168,116.0,7.8,341.0,470.0,383.0,307.0,752.0,517059,54117416,The Hateful Eight
2019,135,155.0,7.8,150.0,473.0,171.0,203.0,200.0,143250,108101214,Little Women
2017,94,65.0,7.8,101.0,227.0,148.0,311.0,633.0,50778,6735118,Loving Vincent
2013,130,150.0,7.8,35.0,85.0,629.0,13.0,590.0,45002,1330596,Le passé
2013,141,124.0,7.8,323.0,519.0,86.0,612.0,110.0,81125,2852400,La grande bellezza
2013,104,155.0,7.8,356.0,233.0,495.0,503.0,453.0,50523,4231500,The Lunchbox
2012,126,108.0,7.8,393.0,42.0,691.0,38.0,173.0,39710,169209,Vicky Donor
2014,102,57.0,7.8,99.0,108.0,575.0,629.0,313.0,410983,222527828,Big Hero 6
2013,123,93.0,7.8,349.0,144.0,533.0,66.0,471.0,303032,15322921,About Time
2012,134,92.0,7.8,134.0,489.0,0.0,466.0,604.0,33618,1670773,English Vinglish
2013,126,66.0,7.8,158.0,221.0,244.0,484.0,506.0,73690,5209580,Kaze tachinu
2019,100,61.0,7.8,228.0,516.0,645.0,36.0,733.0,203177,434038008,Toy Story 4
2013,131,116.0,7.8,146.0,197.0,315.0,661.0,178.0,108399,85433,La migliore offerta
2012,94,96.0,7.8,455.0,251.0,357.0,83.0,73.0,318789,45512466,Moonrise Kingdom
2014,102,57.0,7.8,95.0,258.0,88.0,226.0,143.0,305611,177002924,How to Train Your Dragon 2
2015,130,76.0,7.8,3.0,109.0,621.0,609.0,87.0,362942,70259870,The Big Short
2010,144,20.0,7.8,192.0,325.0,97.0,309.0,275.0,111252,128392,Ang-ma-reul bo-at-da
2011,158,116.0,7.8,86.0,124.0,565.0,120.0,694.0,423010,102515793,The Girl with the Dragon Tattoo
2013,134,34.0,7.8,324.0,516.0,55.0,53.0,115.0,421244,107100855,Captain Phillips
2010,119,20.0,7.8,194.0,546.0,577.0,665.0,268.0,62848,6460,Ajeossi
2015,147,80.0,7.8,111.0,399.0,120.0,295.0,561.0,179264,161197785,Straight Outta Compton
2009,129,116.0,7.8,47.0,230.0,688.0,316.0,325.0,52758,547292,Madeo
2013,161,52.0,7.8,335.0,231.0,434.0,567.0,418.0,601408,258366855,The Hobbit: The Desolation of Smaug
2009,144,138.0,7.8,289.0,110.0,177.0,412.0,740.0,68715,2222647,Das weiße Band - Eine deutsche Kindergeschichte
2009,152,116.0,7.8,310.0,379.0,498.0,194.0,444.0,208994,10095170,Män som hatar kvinnor
2010,116,83.0,7.8,92.0,357.0,104.0,19.0,519.0,340584,93617009,The Fighter
2008,90,33.0,7.8,340.0,334.0,420.0,196.0,442.0,564791,145000989,Taken
2008,94,141.0,7.8,269.0,37.0,128.0,604.0,776.0,190748,9030581,The Boy in the Striped Pyjamas
2007,86,149.0,7.8,205.0,205.0,431.0,261.0,245.0,110656,9439923,Once
2012,169,52.0,7.8,335.0,359.0,251.0,567.0,36.0,757377,303003568,The Hobbit: An Unexpected Journey
2007,122,124.0,7.8,115.0,44.0,502.0,699.0,569.0,30827,741283,Auf der anderen Seite
2007,123,151.0,7.8,200.0,307.0,273.0,81.0,665.0,251370,50927067,Atonement
2011,100,110.0,7.8,309.0,458.0,83.0,84.0,15.0,571571,35061555,Drive
2007,157,77.0,7.8,355.0,141.0,572.0,107.0,378.0,392449,130164645,American Gangster
2009,162,4.0,7.8,173.0,468.0,703.0,648.0,535.0,1118998,760507625,Avatar
2009,141,131.0,7.8,170.0,252.0,588.0,167.0,456.0,216421,3600,Mr. Nobody
2006,139,2.0,7.8,284.0,203.0,539.0,137.0,647.0,291018,50866635,Apocalypto
2006,101,91.0,7.8,220.0,528.0,621.0,692.0,256.0,439856,59891098,Little Miss Sunshine
2007,121,17.0,7.8,104.0,487.0,489.0,450.0,74.0,463466,23637265,Hot Fuzz
2008,166,131.0,7.8,86.0,66.0,88.0,681.0,385.0,589160,127509326,The Curious Case of Benjamin Button
2004,192,127.0,7.8,465.0,479.0,527.0,562.0,430.0,49050,2921738,Veer-Zaara
2005,94,88.0,7.8,18.0,526.0,418.0,511.0,579.0,45717,1305,Adams æbler
2005,129,155.0,7.8,200.0,307.0,447.0,81.0,178.0,258924,38405088,Pride & Prejudice
2005,127,83.0,7.8,370.0,32.0,138.0,263.0,716.0,51980,5128124,The World's Fastest Indian
2003,90,61.0,7.8,384.0,484.0,664.0,729.0,56.0,31658,128985,Tôkyô goddofâzâzu
2005,119,9.0,7.8,229.0,394.0,224.0,107.0,14.0,283310,25514517,Serenity
2005,136,81.0,7.8,179.0,272.0,542.0,229.0,634.0,234207,119519402,Walk the Line
2003,113,124.0,7.8,295.0,25.0,240.0,243.0,455.0,35682,15280,Ondskan
2004,123,155.0,7.8,308.0,192.0,272.0,555.0,654.0,520284,81001787,The Notebook
2004,126,35.0,7.8,454.0,188.0,563.0,496.0,521.0,96703,16756372,Diarios de motocicleta
2002,109,110.0,7.8,261.0,400.0,50.0,539.0,472.0,42673,181655,Lilja 4-ever
2003,80,68.0,7.8,412.0,381.0,294.0,481.0,546.0,50622,7002255,Les triplettes de Belleville
2002,131,2.0,7.8,246.0,270.0,228.0,116.0,293.0,129022,54234062,The Count of Monte Cristo
2001,99,72.0,7.8,353.0,174.0,661.0,426.0,760.0,60684,2892011,Waking Life
2000,113,83.0,7.8,43.0,141.0,683.0,724.0,655.0,198089,115654751,Remember the Titans
2000,120,4.0,7.8,27.0,549.0,469.0,735.0,125.0,253228,128078872,Wo hu cang long
1999,101,124.0,7.8,330.0,92.0,428.0,90.0,47.0,89058,8264530,Todo sobre mi madre
2000,143,46.0,7.8,367.0,516.0,238.0,538.0,437.0,524235,233632142,Cast Away
1999,108,22.0,7.8,444.0,541.0,593.0,515.0,159.0,227143,25812,The Boondock Saints
1999,157,84.0,7.8,290.0,457.0,6.0,120.0,168.0,159886,28965197,The Insider
1999,108,79.0,7.8,199.0,242.0,98.0,401.0,128.0,82855,32481825,October Sky
2001,90,61.0,7.8,20.0,530.0,470.0,177.0,106.0,613941,267665011,Shrek
1997,194,155.0,7.8,173.0,330.0,361.0,71.0,408.0,1046089,659325379,Titanic
1997,103,117.0,7.8,414.0,501.0,366.0,566.0,704.0,27712,233986,Hana-bi
1997,106,160.0,7.8,23.0,174.0,665.0,355.0,251.0,280845,12339633,Gattaca
1997,129,25.0,7.8,86.0,376.0,130.0,634.0,311.0,345096,48323648,The Game
1996,159,124.0,7.8,251.0,168.0,619.0,382.0,327.0,62428,4040691,Breaking the Waves
1994,127,76.0,7.8,430.0,287.0,435.0,624.0,581.0,164937,5887457,Ed Wood
1993,118,124.0,7.8,252.0,287.0,402.0,364.0,502.0,215034,9170214,What's Eating Gilbert Grape
1993,130,14.0,7.8,141.0,312.0,383.0,701.0,659.0,126871,56505065,Tombstone
1993,101,92.0,7.8,91.0,515.0,471.0,47.0,583.0,78963,32416586,The Sandlot
1993,134,155.0,7.8,177.0,32.0,170.0,335.0,133.0,66065,22954968,The Remains of the Day
1993,132,91.0,7.8,297.0,136.0,403.0,382.0,254.0,34635,1769305,Naked
1993,130,20.0,7.8,21.0,216.0,657.0,637.0,392.0,267684,183875760,The Fugitive
1993,121,117.0,7.8,362.0,441.0,95.0,417.0,227.0,128171,17266971,A Bronx Tale
1993,76,58.0,7.8,243.0,64.0,196.0,139.0,214.0,43690,5617391,Batman: Mask of the Phantasm
1991,129,91.0,7.8,197.0,545.0,212.0,423.0,13.0,55362,2015810,Night on Earth
1991,98,129.0,7.8,249.0,234.0,687.0,247.0,398.0,42376,1999955,La double vie de Véronique
1991,112,110.0,7.8,216.0,119.0,390.0,258.0,458.0,126082,57504069,Boyz n the Hood
1990,107,162.0,7.8,357.0,243.0,364.0,571.0,226.0,184740,61276872,Misery
1990,121,78.0,7.8,331.0,441.0,558.0,363.0,653.0,125276,52096475,Awakenings
1989,122,80.0,7.8,105.0,366.0,133.0,94.0,548.0,122779,26830000,Glory
1989,108,40.0,7.8,367.0,377.0,111.0,406.0,720.0,481918,118500000,Back to the Future Part II
1988,128,113.0,7.8,8.0,193.0,684.0,206.0,86.0,88214,34603943,Mississippi Burning
1987,107,9.0,7.8,214.0,36.0,85.0,389.0,203.0,371387,59735548,Predator
1987,84,16.0,7.8,381.0,76.0,587.0,138.0,403.0,148359,5923044,Evil Dead II
1986,103,86.0,7.8,209.0,366.0,9.0,469.0,332.0,321382,70136369,Ferris Bueller's Day Off
1986,107,88.0,7.8,197.0,518.0,331.0,591.0,563.0,47834,1436000,Down by Law
1985,114,38.0,7.8,350.0,475.0,345.0,302.0,141.0,244430,61503218,The Goonies
1985,154,124.0,7.8,408.0,130.0,679.0,525.0,481.0,78321,98467863,The Color Purple
1985,97,91.0,7.8,209.0,166.0,346.0,491.0,25.0,357026,45875171,The Breakfast Club
1984,141,80.0,7.8,371.0,467.0,231.0,339.0,390.0,51585,34700291,The Killing Fields
1984,105,16.0,7.8,167.0,54.0,121.0,648.0,260.0,355413,238632124,Ghostbusters
1983,193,35.0,7.8,338.0,466.0,590.0,176.0,165.0,56235,21500000,The Right Stuff
1982,109,88.0,7.8,275.0,441.0,308.0,166.0,662.0,88511,2500000,The King of Comedy
1982,115,169.0,7.8,408.0,220.0,149.0,544.0,162.0,372490,435110554,E.T. the Extra-Terrestrial
1979,105,124.0,7.8,360.0,149.0,455.0,286.0,394.0,133351,106260000,Kramer vs. Kramer
1976,135,181.0,7.8,73.0,115.0,614.0,105.0,72.0,65659,31800000,The Outlaw Josey Wales
1974,113,153.0,7.8,120.0,193.0,327.0,18.0,230.0,98611,4420000,The Conversation
1973,72,75.0,7.8,344.0,45.0,302.0,190.0,326.0,25229,193817,La planète sauvage
1973,143,119.0,7.8,127.0,154.0,639.0,479.0,12.0,37445,16056255,The Day of the Jackal
1972,124,147.0,7.8,45.0,338.0,466.0,251.0,349.0,48334,42765000,Cabaret
1971,100,168.0,7.8,285.0,196.0,261.0,546.0,645.0,178731,4000000,Willy Wonka & the Chocolate Factory
1969,113,124.0,7.8,215.0,149.0,340.0,662.0,363.0,101124,44785053,Midnight Cowboy
1967,108,180.0,7.8,421.0,40.0,7.0,569.0,193.0,27733,17550741,Wait Until Dark
1967,108,91.0,7.8,400.0,488.0,607.0,379.0,406.0,39642,56700000,Guess Who's Coming to Dinner
1964,170,127.0,7.8,138.0,40.0,547.0,652.0,761.0,86525,72000000,My Fair Lady
1964,139,100.0,7.8,365.0,297.0,140.0,155.0,250.0,158029,102272727,Mary Poppins
1962,178,24.0,7.8,239.0,27.0,221.0,61.0,156.0,52141,39100000,The Longest Day
1961,100,172.0,7.8,169.0,140.0,526.0,465.0,530.0,27007,2616000,The Innocents
1960,90,110.0,7.8,188.0,264.0,292.0,141.0,270.0,73251,336705,À bout de souffle
1935,75,144.0,7.8,184.0,63.0,166.0,128.0,743.0,43542,4360000,Bride of Frankenstein
2017,104,155.0,7.7,121.0,293.0,13.0,221.0,282.0,25198,335609,God's Own Country
2018,119,1.0,7.7,88.0,460.0,345.0,493.0,389.0,478586,324591735,Deadpool 2
2017,107,116.0,7.7,418.0,308.0,307.0,358.0,712.0,205444,33800859,Wind River
2017,104,174.0,7.7,224.0,126.0,20.0,79.0,115.0,492851,176040665,Get Out
2018,147,10.0,7.7,70.0,514.0,241.0,713.0,683.0,291257,220159104,Mission: Impossible - Fallout
2015,116,96.0,7.7,156.0,449.0,53.0,199.0,285.0,47444,3358518,En man som heter Ove
2014,86,102.0,7.7,193.0,499.0,299.0,666.0,142.0,157498,3333000,What We Do in the Shadows
2014,103,71.0,7.7,182.0,223.0,586.0,376.0,553.0,32798,765127,Omoide no Mânî
2014,123,82.0,7.7,180.0,150.0,190.0,689.0,691.0,404182,35893537,The Theory of Everything
2014,129,1.0,7.7,281.0,117.0,635.0,622.0,523.0,590440,128261724,Kingsman: The Secret Service
2014,126,155.0,7.7,227.0,482.0,39.0,500.0,439.0,344312,124872350,The Fault in Our Stars
2015,105,91.0,7.7,16.0,507.0,532.0,520.0,562.0,123210,6743776,Me and Earl and the Dying Girl
2014,119,91.0,7.7,10.0,378.0,699.0,180.0,31.0,580291,42340598,Birdman or (The Unexpected Virtue of Ignorance)
2013,180,155.0,7.7,1.0,342.0,1.0,616.0,55.0,138741,2199675,La vie d'Adèle
2013,130,161.0,7.7,2.0,17.0,624.0,558.0,28.0,32628,1122527,Kai po che!
2012,111,149.0,7.7,117.0,529.0,324.0,507.0,237.0,39379,175058,The Broken Circle Breakdown
2014,136,9.0,7.7,30.0,275.0,99.0,622.0,670.0,736182,259766572,Captain America: The Winter Soldier
2011,159,147.0,7.7,163.0,429.0,486.0,640.0,433.0,39501,985912,Rockstar
2013,115,37.0,7.7,14.0,77.0,682.0,366.0,81.0,112298,17654912,Nebraska
2012,101,61.0,7.7,346.0,278.0,264.0,289.0,667.0,380195,189422889,Wreck-It Ralph
2015,108,62.0,7.7,270.0,266.0,414.0,555.0,488.0,56720,1339152,Le Petit Prince
2011,98,124.0,7.7,440.0,6.0,107.0,437.0,469.0,77071,71177,Detachment
2011,96,101.0,7.7,462.0,403.0,533.0,381.0,434.0,388089,56816662,Midnight in Paris
2014,100,57.0,7.7,71.0,417.0,102.0,720.0,201.0,323982,257760692,The Lego Movie
2013,91,160.0,7.7,15.0,471.0,218.0,176.0,576.0,769145,274092705,Gravity
2013,132,9.0,7.7,168.0,104.0,700.0,736.0,68.0,463188,228778661,Star Trek Into Darkness
2015,137,165.0,7.7,61.0,3.0,172.0,574.0,33.0,73964,83861,Beasts of No Nation
2010,120,78.0,7.7,86.0,267.0,27.0,370.0,638.0,624982,96962694,The Social Network
2011,131,9.0,7.7,281.0,244.0,460.0,308.0,421.0,645512,146408305,X: First Class
2009,100,86.0,7.7,432.0,551.0,70.0,367.0,186.0,717559,277322503,The Hangover
2012,143,10.0,7.7,379.0,124.0,287.0,499.0,382.0,630614,304360277,Skyfall
2012,122,96.0,7.7,92.0,67.0,305.0,582.0,299.0,661871,132092958,Silver Linings Playbook
2012,120,84.0,7.7,38.0,47.0,77.0,334.0,11.0,572581,136025503,Argo
2009,95,96.0,7.7,268.0,554.0,344.0,222.0,126.0,472242,32391374,(500) Days of Summer
2010,146,51.0,7.7,93.0,127.0,171.0,606.0,74.0,479120,295983305,Harry Potter and the Deathly Hallows: Part 1
2008,101,61.0,7.7,158.0,90.0,444.0,414.0,732.0,125317,15090400,Gake no ue no Ponyo
2008,122,80.0,7.7,374.0,185.0,465.0,388.0,660.0,103330,18593156,Frost/Nixon
2006,90,72.0,7.7,384.0,370.0,664.0,383.0,739.0,71379,881302,Papurika
2008,141,77.0,7.7,73.0,29.0,119.0,20.0,235.0,239203,35739802,Changeling
2010,90,96.0,7.7,357.0,344.0,81.0,565.0,45.0,81446,1752214,Flipped
2006,101,110.0,7.7,390.0,508.0,620.0,318.0,35.0,115576,327919,This Is England
2014,108,160.0,7.7,12.0,15.0,145.0,527.0,690.0,474141,25442958,Ex Machina
2006,120,124.0,7.7,411.0,345.0,608.0,597.0,560.0,32001,412544,Efter brylluppet
2006,123,80.0,7.7,245.0,244.0,194.0,228.0,420.0,175355,17605861,The Last King of Scotland
2007,157,116.0,7.7,86.0,242.0,551.0,446.0,45.0,466080,33080084,Zodiac
2006,110,20.0,7.7,327.0,292.0,61.0,494.0,469.0,299524,22494487,Lucky Number Slevin
2005,116,137.0,7.7,68.0,143.0,63.0,241.0,555.0,28003,1054361,Joyeux Noël
2007,122,81.0,7.7,32.0,464.0,583.0,132.0,20.0,61609,871577,Control
2010,100,61.0,7.7,303.0,84.0,424.0,732.0,179.0,405922,200821936,Tangled
2006,145,163.0,7.7,329.0,86.0,596.0,677.0,258.0,72643,4398392,Zwartboek
2005,134,155.0,7.7,27.0,242.0,236.0,482.0,615.0,323103,83043761,Brokeback Mountain
2007,122,20.0,7.7,179.0,457.0,104.0,56.0,460.0,288797,53606916,3:10 to Yuma
2004,112,119.0,7.7,325.0,145.0,585.0,674.0,400.0,419483,54580300,Crash
2004,99,16.0,7.7,403.0,490.0,675.0,554.0,684.0,127250,17108591,Kung fu
2004,108,30.0,7.7,324.0,365.0,197.0,319.0,89.0,434841,176241941,The Bourne Supremacy
2004,101,162.0,7.7,48.0,109.0,304.0,5.0,368.0,358432,1082715,The Machinist
2004,152,81.0,7.7,417.0,247.0,543.0,387.0,138.0,138356,75331600,Ray
2003,102,91.0,7.7,395.0,54.0,589.0,232.0,40.0,415074,44585453,Lost in Translation
2005,157,51.0,7.7,298.0,127.0,171.0,606.0,216.0,548619,290013036,Harry Potter and the Goblet of Fire
2004,146,20.0,7.7,441.0,141.0,113.0,136.0,610.0,329592,77911774,Man on Fire
2009,100,71.0,7.7,159.0,121.0,640.0,336.0,337.0,197761,75286229,Coraline
2003,154,23.0,7.7,105.0,514.0,371.0,68.0,762.0,400049,111110575,The Last Samurai
2002,114,124.0,7.7,336.0,156.0,147.0,513.0,43.0,25938,4890878,The Magdalene Sisters
2003,121,96.0,7.7,459.0,123.0,365.0,122.0,222.0,137981,4064200,Good Bye Lenin!
2002,105,124.0,7.7,198.0,404.0,583.0,169.0,666.0,40403,15539266,In America
2001,132,124.0,7.7,195.0,477.0,467.0,136.0,169.0,142863,40311852,I Am Sam
2002,115,91.0,7.7,396.0,395.0,455.0,111.0,721.0,178565,22245861,Adaptation.
2001,144,141.0,7.7,355.0,292.0,184.0,690.0,212.0,364254,108638745,Black Hawk Down
2002,117,119.0,7.7,379.0,516.0,663.0,577.0,450.0,246840,104454762,Road to Perdition
2001,120,162.0,7.7,317.0,389.0,105.0,519.0,769.0,90842,141072,Das Experiment
2000,110,146.0,7.7,404.0,246.0,353.0,298.0,314.0,126770,21995263,Billy Elliot
2001,95,94.0,7.7,204.0,279.0,477.0,655.0,719.0,31957,3029081,Hedwig and the Angry Inch
2001,116,123.0,7.7,407.0,199.0,69.0,359.0,508.0,516372,183417150,Ocean's Eleven
2000,103,59.0,7.7,467.0,28.0,333.0,530.0,755.0,29210,151086,Vampire Hunter D: Bloodlust
2000,107,36.0,7.7,201.0,173.0,218.0,343.0,723.0,286742,45512588,"O Brother, Where Art Thou?"
1999,81,69.0,7.7,443.0,523.0,445.0,452.0,289.0,192112,52037603,"South Park: Bigger, Longer & Uncut"
1999,89,86.0,7.7,296.0,452.0,301.0,153.0,8.0,241575,10824921,Office Space
1998,134,91.0,7.7,433.0,249.0,339.0,547.0,185.0,66408,2807390,Happiness
2001,122,119.0,7.7,31.0,141.0,179.0,630.0,727.0,390247,76631907,Training Day
1998,93,96.0,7.7,455.0,255.0,64.0,522.0,676.0,169229,17105219,Rushmore
1997,119,152.0,7.7,9.0,153.0,523.0,103.0,220.0,64082,368234,Abre los ojos
1999,113,93.0,7.7,396.0,281.0,82.0,98.0,361.0,312542,22858926,Being John Malkovich
1997,139,96.0,7.7,178.0,239.0,238.0,239.0,145.0,275755,148478011,As Good as It Gets
1997,126,9.0,7.7,258.0,79.0,474.0,218.0,283.0,434125,63540020,The Fifth Element
1998,80,86.0,7.7,122.0,506.0,268.0,208.0,151.0,37424,4065116,Le dîner de cons
1997,127,77.0,7.7,298.0,9.0,337.0,475.0,98.0,279318,41909762,Donnie Brasco
1996,105,81.0,7.7,385.0,197.0,47.0,368.0,689.0,51350,35811509,Shine
1996,129,116.0,7.7,149.0,437.0,387.0,180.0,360.0,189716,56116183,Primal Fear
1996,242,124.0,7.7,241.0,310.0,351.0,165.0,405.0,35991,4414535,Hamlet
1995,97,126.0,7.7,15.0,335.0,159.0,413.0,652.0,32236,10019307,A Little Princess
1994,108,76.0,7.7,292.0,364.0,441.0,548.0,482.0,33600,21848932,Il postino
1994,92,86.0,7.7,247.0,71.0,296.0,443.0,457.0,211450,3151130,Clerks
1993,188,91.0,7.7,359.0,24.0,350.0,684.0,95.0,42275,6110979,Short Cuts
1993,125,124.0,7.7,221.0,516.0,133.0,590.0,101.0,224169,77324422,Philadelphia
1992,85,92.0,7.7,53.0,375.0,373.0,152.0,541.0,50298,27281507,The Muppet Christmas Carol
1992,202,80.0,7.7,397.0,141.0,31.0,161.0,692.0,85819,48169908,Malcolm X
1992,112,2.0,7.7,290.0,125.0,415.0,607.0,215.0,150409,75505856,The Last of the Mohicans
1992,100,116.0,7.7,174.0,9.0,263.0,11.0,11.0,95826,10725228,Glengarry Glen Ross
1992,138,162.0,7.7,357.0,514.0,265.0,163.0,421.0,235388,141340178,A Few Good Men
1991,130,124.0,7.7,218.0,305.0,314.0,455.0,503.0,66941,82418501,Fried Green Tomatoes
1991,116,97.0,7.7,201.0,173.0,336.0,334.0,384.0,113240,6153939,Barton Fink
1990,115,119.0,7.7,201.0,173.0,203.0,10.0,369.0,125822,5080409,Miller's Crossing
1988,104,61.0,7.7,367.0,61.0,111.0,321.0,120.0,182009,156452370,Who Framed Roger Rabbit
1987,107,91.0,7.7,54.0,435.0,520.0,572.0,612.0,40396,1544889,Withnail & I
1987,163,80.0,7.7,40.0,283.0,317.0,545.0,650.0,94326,43984230,The Last Emperor
1987,153,24.0,7.7,408.0,109.0,332.0,485.0,564.0,115677,22238696,Empire of the Sun
1986,130,116.0,7.7,187.0,476.0,106.0,252.0,205.0,102031,7153487,Der Name der Rose
1986,120,153.0,7.7,89.0,235.0,384.0,164.0,439.0,181285,8551228,Blue Velvet
1985,82,101.0,7.7,462.0,372.0,298.0,145.0,287.0,47102,10631333,The Purple Rose of Cairo
1985,97,88.0,7.7,275.0,209.0,568.0,705.0,731.0,59635,10600000,After Hours
1983,79,86.0,7.7,462.0,547.0,456.0,532.0,350.0,39881,11798616,Zelig
1982,129,124.0,7.7,394.0,407.0,94.0,277.0,309.0,36096,54000000,The Verdict
1982,113,9.0,7.7,307.0,544.0,401.0,157.0,305.0,112704,78912963,Star Trek II: The Wrath of Khan
1982,93,0.0,7.7,420.0,496.0,75.0,569.0,72.0,226541,47212904,First Blood
1980,124,124.0,7.7,363.0,147.0,439.0,354.0,724.0,47099,54800000,Ordinary People
1980,88,86.0,7.7,196.0,137.0,309.0,585.0,393.0,214882,83400000,Airplane!
1978,91,176.0,7.7,206.0,146.0,277.0,694.0,554.0,233106,47000000,Halloween
1976,126,162.0,7.7,372.0,451.0,257.0,468.0,348.0,39889,1924733,Le locataire
1974,93,109.0,7.7,283.0,114.0,215.0,650.0,266.0,125993,119500000,Blazing Saddles
1973,130,77.0,7.7,394.0,9.0,334.0,273.0,71.0,109941,29800000,Serpico
1973,102,20.0,7.7,361.0,78.0,335.0,315.0,6.0,96561,25000000,Enter the Dragon
1972,109,48.0,7.7,203.0,288.0,78.0,504.0,637.0,98740,7056013,Deliverance
1971,104,20.0,7.7,456.0,193.0,570.0,198.0,734.0,110075,15630710,The French Connection
1971,102,22.0,7.7,100.0,115.0,28.0,248.0,621.0,143292,35900000,Dirty Harry
1968,105,86.0,7.7,136.0,238.0,677.0,332.0,273.0,31572,44527234,The Odd Couple
1967,150,11.0,7.7,358.0,326.0,176.0,100.0,352.0,67183,45300000,The Dirty Dozen
1967,100,155.0,7.7,260.0,91.0,293.0,480.0,240.0,40274,26331,Belle de jour
1966,120,80.0,7.7,127.0,408.0,678.0,589.0,446.0,31222,28350000,A Man for All Seasons
1964,110,10.0,7.7,153.0,476.0,222.0,257.0,682.0,174119,51081062,Goldfinger
1963,119,143.0,7.7,17.0,447.0,649.0,314.0,705.0,171739,11403529,The Birds
1960,101,145.0,7.7,291.0,303.0,33.0,490.0,515.0,31354,83957,Peeping Tom
1960,128,12.0,7.7,217.0,548.0,623.0,100.0,197.0,87719,4905000,The Magnificent Seven
1960,90,142.0,7.7,144.0,420.0,19.0,365.0,21.0,27620,52709,Les yeux sans visage
1952,129,96.0,7.7,207.0,286.0,448.0,54.0,753.0,34677,10550000,The Quiet Man
1951,105,46.0,7.7,210.0,229.0,362.0,587.0,594.0,71481,536118,The African Queen
1940,125,74.0,7.7,172.0,469.0,193.0,514.0,160.0,88662,76408097,Fantasia
2018,102,153.0,7.6,26.0,280.0,131.0,352.0,533.0,140840,26020957,Searching
2019,161,91.0,7.6,341.0,330.0,69.0,439.0,206.0,551309,142502728,Once Upon a Time... in Hollywood
2017,127,124.0,7.6,25.0,362.0,15.0,462.0,487.0,29765,566356,Nelyubov
2017,111,124.0,7.6,386.0,75.0,74.0,722.0,134.0,95181,5904366,The Florida Project
2017,101,124.0,7.6,268.0,102.0,450.0,420.0,570.0,99643,24801212,Gifted
2019,97,37.0,7.6,445.0,380.0,701.0,30.0,149.0,66346,13122642,The Peanut Butter Falcon
2015,97,124.0,7.6,97.0,213.0,144.0,698.0,199.0,35785,845464,Mustang
2017,136,1.0,7.6,176.0,105.0,703.0,151.0,747.0,569974,389813101,Guardians of the Galaxy Vol. 2
2017,113,20.0,7.6,104.0,31.0,338.0,346.0,194.0,439406,107825862,Baby Driver
2017,134,14.0,7.6,225.0,291.0,473.0,301.0,334.0,58371,18340051,Only the Brave
2015,142,140.0,7.6,408.0,516.0,430.0,8.0,29.0,287659,72313754,Bridge of Spies
2018,118,57.0,7.6,49.0,118.0,246.0,625.0,279.0,250057,608581744,Incredibles 2
2016,107,61.0,7.6,373.0,284.0,146.0,115.0,53.0,272784,248757044,Moana
2015,121,20.0,7.6,96.0,167.0,345.0,59.0,371.0,371291,46889293,Sicario
2015,133,161.0,7.6,377.0,373.0,626.0,673.0,599.0,247666,109767581,Creed
2014,140,110.0,7.6,25.0,14.0,161.0,598.0,750.0,49397,1092800,Leviafan
2016,102,20.0,7.6,90.0,104.0,60.0,301.0,247.0,204175,26862450,Hell or High Water
2013,98,76.0,7.6,405.0,295.0,622.0,651.0,480.0,94212,37707719,Philomena
2014,130,2.0,7.6,279.0,190.0,372.0,28.0,432.0,411599,208545589,Dawn of the Planet of the Apes
2011,101,33.0,7.6,131.0,232.0,25.0,564.0,182.0,190531,4105123,Serbuan maut
2012,109,20.0,7.6,84.0,242.0,464.0,32.0,26.0,228132,41003371,End of Watch
2010,94,63.0,7.6,161.0,21.0,476.0,611.0,711.0,80939,19202743,Kari-gurashi no Arietti
2018,136,149.0,7.6,50.0,321.0,70.0,617.0,255.0,334312,215288866,A Star Is Born
2010,110,167.0,7.6,110.0,276.0,297.0,459.0,257.0,311822,171243005,True Grit
2010,118,155.0,7.6,411.0,383.0,662.0,448.0,759.0,38491,1008098,Hævnen
2010,95,67.0,7.6,339.0,106.0,621.0,296.0,651.0,500851,251513985,Despicable Me
2011,100,96.0,7.6,222.0,290.0,597.0,32.0,99.0,315426,35014192,50/50
2010,117,15.0,7.6,281.0,1.0,491.0,108.0,232.0,524081,48071303,Kick-Ass
2011,133,83.0,7.6,39.0,66.0,559.0,347.0,598.0,369529,75605492,Moneyball
2011,120,145.0,7.6,330.0,34.0,160.0,285.0,489.0,138959,3185812,La piel que habito
2009,88,39.0,7.6,376.0,267.0,169.0,725.0,1.0,520041,75590286,Zombieland
2009,128,7.0,7.6,154.0,442.0,347.0,555.0,494.0,583158,209028679,Sherlock Holmes
2009,129,83.0,7.6,213.0,425.0,585.0,683.0,300.0,293266,255959475,The Blind Side
2007,104,124.0,7.6,435.0,438.0,230.0,140.0,274.0,41544,9422422,The Visitor
2008,123,124.0,7.6,129.0,540.0,569.0,725.0,524.0,286770,69951824,Seven Pounds
2007,100,20.0,7.6,85.0,392.0,668.0,46.0,373.0,227760,17114882,Eastern Promises
2007,127,51.0,7.6,281.0,94.0,114.0,647.0,284.0,255036,38634938,Stardust
2009,71,63.0,7.6,438.0,397.0,183.0,82.0,536.0,31779,686383,The Secret of Kells
2006,129,116.0,7.6,397.0,141.0,117.0,323.0,132.0,339757,88513495,Inside Man
2007,114,116.0,7.6,38.0,388.0,152.0,95.0,534.0,250590,20300218,Gone Baby Gone
2007,140,81.0,7.6,319.0,353.0,627.0,531.0,208.0,82781,10301706,La Vie En Rose
2006,104,14.0,7.6,375.0,268.0,404.0,728.0,774.0,72863,24633730,Huo Yuan Jia
2006,110,130.0,7.6,305.0,155.0,311.0,536.0,648.0,354728,39868642,The Illusionist
2004,90,119.0,7.6,390.0,404.0,208.0,686.0,701.0,49728,6013,Dead Man's Shoes
2009,153,3.0,7.6,93.0,127.0,171.0,606.0,525.0,474827,301959197,Harry Potter and the Half-Blood Prince
2006,117,23.0,7.6,469.0,202.0,400.0,156.0,175.0,732876,210614939,300
2005,124,157.0,7.6,462.0,474.0,342.0,188.0,509.0,206294,23089926,Match Point
2009,162,25.0,7.6,469.0,240.0,516.0,91.0,477.0,500799,107509799,Watchmen
2005,122,20.0,7.6,23.0,395.0,179.0,293.0,92.0,294140,24149632,Lord of War
2004,103,174.0,7.6,183.0,87.0,398.0,146.0,417.0,379020,56000369,Saw
2008,124,124.0,7.6,66.0,418.0,583.0,482.0,115.0,83158,3081925,"Synecdoche, New York"
2004,105,124.0,7.6,148.0,68.0,344.0,183.0,124.0,65939,697181,Mysterious Skin
2003,93,96.0,7.6,464.0,210.0,427.0,675.0,380.0,67360,548707,Jeux d'enfants
2004,133,151.0,7.6,190.0,41.0,209.0,323.0,176.0,70925,6167817,Un long dimanche de fiançailles
2003,89,91.0,7.6,435.0,411.0,511.0,74.0,585.0,67370,5739376,The Station Agent
2003,124,119.0,7.6,10.0,477.0,62.0,498.0,154.0,224545,16290476,21 Grams
2002,129,119.0,7.6,63.0,301.0,603.0,49.0,344.0,62659,45289,Boksuneun naui geot
2004,106,79.0,7.6,267.0,287.0,361.0,361.0,610.0,198677,51680613,Finding Neverland
2002,135,124.0,7.6,397.0,155.0,57.0,547.0,640.0,169708,13060843,25th Hour
2004,113,160.0,7.6,108.0,237.0,51.0,21.0,520.0,451479,57938693,The Butterfly Effect
2002,113,144.0,7.6,82.0,112.0,485.0,118.0,18.0,376853,45064915,28 Days Later...
2001,110,91.0,7.6,455.0,193.0,229.0,29.0,67.0,266842,52364010,The Royal Tenenbaums
2001,106,124.0,7.6,15.0,351.0,204.0,142.0,30.0,115827,13622333,Y tu mamá también
2001,152,51.0,7.6,67.0,127.0,571.0,573.0,475.0,658185,317575550,Harry Potter and the Sorcerer's Stone
2001,101,174.0,7.6,9.0,396.0,110.0,201.0,10.0,337651,96522687,The Others
2001,124,77.0,7.6,419.0,287.0,523.0,211.0,605.0,240714,52990775,Blow
2001,131,141.0,7.6,187.0,294.0,152.0,351.0,609.0,243729,51401758,Enemy at the Gates
2002,145,21.0,7.6,408.0,514.0,118.0,620.0,514.0,508417,132072926,Minority Report
1999,146,83.0,7.6,315.0,141.0,666.0,159.0,452.0,91557,50668906,The Hurricane
2000,101,88.0,7.6,277.0,109.0,355.0,353.0,76.0,490062,15070285,American Psycho
1998,81,119.0,7.6,436.0,186.0,482.0,254.0,567.0,188317,7267585,Lola rennt
1998,170,165.0,7.6,422.0,270.0,594.0,510.0,429.0,172710,36400491,The Thin Red Line
1998,88,63.0,7.6,439.0,46.0,475.0,177.0,60.0,256906,120620254,Mulan
1998,118,37.0,7.6,424.0,287.0,62.0,685.0,526.0,259753,10680275,Fear and Loathing in Las Vegas
1998,100,178.0,7.6,13.0,456.0,377.0,306.0,765.0,187927,14378331,Dark City
1996,147,119.0,7.6,37.0,441.0,374.0,77.0,319.0,186734,49100000,Sleepers
1997,134,179.0,7.6,89.0,55.0,510.0,342.0,465.0,131101,3796699,Lost Highway
1995,136,155.0,7.6,27.0,170.0,361.0,281.0,730.0,102598,43182776,Sense and Sensibility
1995,128,10.0,7.6,214.0,79.0,306.0,622.0,253.0,364420,100012499,Die Hard: With a Vengeance
1995,121,43.0,7.6,197.0,287.0,205.0,133.0,436.0,90442,1037847,Dead Man
1995,135,155.0,7.6,73.0,115.0,455.0,35.0,745.0,73172,71516617,The Bridges of Madison County
2014,140,44.0,7.6,374.0,516.0,65.0,388.0,234.0,269197,173837933,Apollo 13
1994,92,96.0,7.6,249.0,553.0,352.0,292.0,340.0,64390,1464625,Trois couleurs: Blanc
1993,113,20.0,7.6,202.0,376.0,552.0,52.0,608.0,171640,40903593,Falling Down
1993,102,86.0,7.6,353.0,254.0,680.0,461.0,639.0,165465,7993039,Dazed and Confused
1992,120,87.0,7.6,223.0,274.0,429.0,560.0,543.0,107325,52929168,My Cousin Vinny
1991,118,73.0,7.6,166.0,384.0,660.0,727.0,517.0,27071,453243,Omohide poro poro
1991,99,87.0,7.6,266.0,265.0,426.0,171.0,580.0,80487,1794187,Delicatessen
1990,103,99.0,7.6,67.0,343.0,323.0,144.0,357.0,488817,285761243,Home Alone
1990,162,110.0,7.6,120.0,9.0,136.0,27.0,709.0,359809,66666062,The Godfather: Part III
1989,95,96.0,7.6,357.0,58.0,451.0,92.0,98.0,195663,92823600,When Harry Met Sally...
1989,83,74.0,7.6,373.0,284.0,321.0,621.0,620.0,237696,111543479,The Little Mermaid
1988,85,87.0,7.6,94.0,332.0,528.0,517.0,622.0,152871,78756177,The Naked Gun: From the Files of Police Squad!
1987,93,91.0,7.6,209.0,491.0,326.0,400.0,528.0,124773,49530280,"Planes, Trains & Automobiles"
1987,109,22.0,7.6,350.0,371.0,123.0,217.0,542.0,236894,65207127,Lethal Weapon
1984,99,119.0,7.6,201.0,173.0,329.0,206.0,150.0,87745,2150000,Blood Simple
1981,109,124.0,7.6,271.0,304.0,242.0,287.0,184.0,27650,119285432,On Golden Pond
1981,96,9.0,7.6,140.0,371.0,76.0,477.0,513.0,166588,12465371,Mad Max 2
1979,92,22.0,7.6,453.0,374.0,274.0,175.0,91.0,93878,22490039,The Warriors
1979,95,38.0,7.6,175.0,271.0,195.0,312.0,628.0,32802,76657000,The Muppet Movie
1979,112,13.0,7.6,100.0,115.0,514.0,592.0,297.0,121731,43000000,Escape from Alcatraz
1978,121,77.0,7.6,8.0,65.0,255.0,72.0,578.0,73662,35000000,Midnight Express
1977,138,159.0,7.6,408.0,434.0,202.0,671.0,518.0,184966,132088635,Close Encounters of the Third Kind
1973,112,88.0,7.6,359.0,162.0,496.0,657.0,493.0,26337,959000,The Long Goodbye
1971,157,166.0,7.6,389.0,446.0,271.0,599.0,483.0,30144,696690,Giù la testa
1970,144,41.0,7.6,52.0,115.0,637.0,172.0,114.0,45338,1378435,Kelly's Heroes
1967,78,63.0,7.6,461.0,416.0,595.0,428.0,96.0,166409,141843612,The Jungle Book
1964,87,104.0,7.6,352.0,282.0,519.0,223.0,631.0,40351,13780024,A Hard Day's Night
1953,118,158.0,7.6,127.0,82.0,479.0,160.0,180.0,43374,30500000,From Here to Eternity
